step,selected_topic,question_id,source,target_difficulty,chosen_difficulty,gap_ok,was_repeat,is_correct,time_taken,time_ratio,effective_ability_before,effective_ability_after,running_accuracy,explanation
0,Sensor errors and calibration,T13Q3,bank,6.28,6.0,True,False,False,83.5,2.078,34.0,32.482847052891266,0.0,"The correct answer is B because calibration traceability means that the measurement is linked through an unbroken chain of comparisons to a national or international standard. This ensures accuracy and consistency across all levels from the sensor to the highest standards, unlike GPS tracking which does not address accuracy but rather physical location. The student's answer A was incorrect as it confused physical tracking with calibration traceability linking measurements to standards."
1,Sensor errors and calibration,T13Q2,bank,5.507,5.4,True,False,True,52.22,1.43,32.4828,33.591476127636625,0.5,"The correct answer is B (Systematic error). Systematic errors are predictable and can be corrected because they follow a pattern or trend that we know about based on design principles and calibration methods. For example, if a sensor has an offset error, meaning its readings always start at a certain point regardless of the actual measurement, this error can be predicted and then adjusted to correct it. This is unlike random errors which occur unpredictably and cannot be precisely corrected. Systematic errors are more controllable in terms of calibration and design compared to random ones."
2,Measurement systems,T09Q3,bank,5.806,6.0,True,False,True,29.82,0.746,33.5915,34.95176707269116,0.6667,"The voltmeter with finite resistance acts as a load on the high-resistance source. This causes changes (loading error) in the measured voltage because the voltmeter alters the system's characteristics, making it a systematic interfering/modifying error. Answer B is correct as it identifies this effect correctly. A random error like a noise or fluctuation would fit options A and C better. Hysteresis does not apply here since there's no cyclic behavior affecting measurement. The student was right in identifying the issue as an ""interfering/modifying"" type of error, just needed to be more precise by calling it systematic rather than general interfering errors."
3,Control systems,T08Q4,bank,6.619,6.7,True,False,True,36.65,0.882,34.9518,36.46919896966985,0.75,"The correct answer is D (""Multiple considerations""). In open-loop systems like an electric fire, engineers must consider multiple factors including temperature effects, environmental changes, and possible disturbances that can affect performance. Open-loop systems lack a feedback loop to adjust for these issues automatically. They do not compensate for frequency response or environmental shifts which are key in closed-loop systems where adjustments are made based on output feedback.

The student's answer of D is correct because open-loop systems indeed require multiple considerations such as temperature changes, external disturbances, and the need for frequent recalibrations to maintain desired outcomes. These aspects highlight why an open-loop system isn't suitable for critical applications without additional mechanisms for adaptation."
4,Operational amplifier signal conditioning,T15Q6,bank,7.716,7.9,True,False,False,45.21,0.899,36.4692,35.32722236938966,0.6,"The correct answer is B because an inverting amplifier configuration results in output that is phase-inverted (180° opposite) from the input and typically amplified due to its high gain, which is about 100,000 or more. The student's choice of A is incorrect as it contradicts fundamental principles: In-phase signals do not invert; they remain in the same phase but may be scaled up by a high gain amplifier. Misunderstanding the nature of the signal inversion and scaling can lead to this mistake."
5,Analog-to-digital conversion,T16Q5,bank,7.266,7.3,True,False,True,66.32,1.453,35.3272,36.95519925673968,0.6667,"The correct answer is A because analog-to-digital conversion (ADC) involves changing an analog voltage signal into a digital code that can be processed by microprocessors and computers. This process starts with sampling the analog input, converting it to a sampled signal through ADC circuitry, holding this sampled signal for conversion time, then quantizing and coding these samples into binary values representing the original analog signals. The other options are incorrect because amplification doesn't convert analog to digital, display is beyond what an ADC does directly, and generating analog from digital isn't its function; it's the opposite process of D/A conversion."
6,Sensor errors and calibration,T13Q5,bank,7.557,7.3,True,False,True,80.91,1.783,36.9552,38.37849247673954,0.7143,"The correct answer is A (""To establish the input-output relationship for accurate measurement""). Calibration sets up a known relationship between sensor inputs and outputs, ensuring consistent measurements across different operating conditions without errors.

Incorrect options like B (to make the sensor heavier), C (to change its color), or D (to increase power consumption) are irrelevant to calibration's primary goal of establishing accuracy. Calibration doesn't affect physical properties like weight or involve changing appearance; it focuses on setting output values relative to input for precise measurement."
7,Sensor errors and calibration,T13Q6,bank,7.848,7.9,True,False,True,41.46,0.811,38.3785,40.10449776983956,0.75,"The reference standard must be more accurate to ensure reliable calibration results. Excerpts from Bolton emphasize that a sensor or system's error is compared against a known standard for precise measurements. The correct answer (B) reflects this by stating the reference should be several times more accurate than what it calibrates, ensuring its accuracy and reliability in measurement processes.

Option B aligns with the principle of calibration where standards are inherently more accurate to ensure consistency across devices. Contrary to incorrect options like A (Less accurate), C (Same accuracy), or D (No accuracy requirement), a lower-accuracy standard cannot provide meaningful calibration results for precision instruments.

Understanding this aligns with the context in Bolton's work, which discusses various types of sensors and their error definitions, indicating that using highly accurate standards is crucial for precise calibration procedures."
8,Sensor errors and calibration,T13Q7,bank,8.825,8.5,True,False,True,63.52,1.111,40.1045,41.861603602136256,0.7778,"The correct answer is B because hysteresis error describes the maximum difference in output when a sensor reaches the same input value by increasing or decreasing continuously. It's about how the transducer reacts differently to inputs moving from high to low compared to low to high, not just increase alone (A), and isn't related to time delay for response (C) or noise level (D). The textbook shows hysteresis as a graph showing output difference with increasing and decreasing paths, clearly illustrating B."
9,Sensor errors and calibration,T13Q9,bank,9.798,9.8,True,False,False,234.55,3.04,41.8616,41.149354977359785,0.7,"The correct answer is B (""Span error changes the slope of the output-input characteristic""). This is because span error affects how much the sensor's output changes per unit input, altering its sensitivity or slope. Span error (span/sensitivity) measures change in output for a given change in input value, while zero error doesn't affect this ratio but rather where it starts on the scale. A correct explanation would highlight these differences based on provided excerpts, explaining span affects how steeply output changes with input versus just offsetting values."
10,Filtering,T14Q7,bank,8.748,8.5,True,False,True,31.03,0.546,41.1494,42.92324769493883,0.7273,"The correct answer is B (""Above its cutoff to pass; below to be blocked""). A high-pass filter allows frequencies above its cutoff frequency to pass through while blocking or attenuating those below. This aligns with the description of a high-pass filter in Figure 3.19(b) where it has a pass band for all frequencies from some value up to infinity, hence blocking frequencies below this threshold.

The student's answer B was correct because they understood that high-pass filters allow high-frequency signals (above the cutoff) to pass through while blocking low-frequency signals (below the cutoff). This contradicts options A and D. Option C is incorrect since it specifies only at exactly the cutoff frequency, not within a range of frequencies above or below.

Option E was not given in the excerpts provided. Thus, B is the correct explanation based on filter definitions from the text."
11,Sensor errors and calibration,T13Q8,bank,9.356,9.2,True,False,True,248.16,3.747,42.9232,44.31338377373042,0.75,"The correct answer is B (""Adding a constant offset to ALL readings at every input value""). This is because sensor bias error consistently changes all measurements by adding or subtracting a fixed amount, regardless of the actual input. Other options like changing only high-range readings (A), doubling outputs (C), or being random (D) don't align with what the text describes for bias errors in sensors. The text mentions that bias is rare but implies it often means adding or subtracting a constant to all measurements."
12,Operational amplifier signal conditioning,T15Q9,bank,9.525,9.8,True,False,True,135.6,1.776,44.3134,45.97487205739138,0.7692,"The correct answer is A because CMRR measures how well an op-amp suppresses common mode signals (signals present at both inputs) while amplifying differential signals (signals only present at one input). This ensures the output reflects only the difference between inputs, not their sum, which is crucial for proper signal processing. Option A accurately captures this function. Misconceptions about CMRR often arise from believing it rejects all voltages or frequencies, which isn't correct; it specifically targets common mode rejection. The provided excerpts emphasize CMRR's role in ensuring output only reflects the differential component and not shared inputs, aligning with option A."
13,Operational amplifier signal conditioning,T15Q8,bank,9.8,9.2,True,False,True,87.37,1.318,45.9749,46.962954363399234,0.7857,"The correct answer is B because a voltage follower uses high input impedance to avoid loading downstream circuits and maintains the same signal level at its output as at its input, effectively mirroring the input. This is ideal for providing clean signals without altering them. Option A is wrong since amplifiers increase signal levels, not maintain or provide levels. Option C about filtering noise isn't correct because voltage followers don’t filter noise; they preserve the input signal level. Inverting comparators (D) do invert signals but aren’t used to provide high impedance and maintain level like a voltage follower does."
14,Operational amplifier signal conditioning,T15Q7,bank,9.8,8.5,False,False,True,50.05,0.879,46.963,47.54338586257477,0.8,"The gain of an inverting amplifier is correctly determined by the ratio of the feedback resistor (Rf) to the input resistor (Rin), with a minus sign indicating inversion, as seen from Gain = -Rf/Rin. This directly aligns with the information provided in Excerpt 3 and Excerpt 2 where it's mentioned that for an ideal operational amplifier with infinite gain, input voltage V is across R. The student's answer B is correct because it accurately captures this relationship between resistors defining the circuit’s voltage gain, unlike options involving open-loop gain or power supply which are not directly related to inverting amplifiers as described."
15,Position and displacement sensors,T10Q9,bank,9.8,9.8,True,False,True,121.91,1.599,47.5434,48.16782242858352,0.8125,"The Hall-effect sensor measures position by detecting changes in magnetic field perpendicular to the current flow. This is due to the Hall effect where a potential difference is produced when a magnetic field is applied at right angles to the material and parallel to one side, causing resistance change indicating proximity. Options like light reflections or temperature variations don't apply here; only direct mechanical pressure isn’t how position sensors work for this type."
16,Operational amplifier signal conditioning,LLM_Operational_amplifie_098,llm,9.8,9.8,True,False,False,286.53,6.257,48.1678,47.04371402589109,0.7647,"The correct answer is B. An operational amplifier can directly amplify low-level voltage changes due to strain gauges because these gauges output very small voltages (often a few millivolts). The Wheatstone bridge configuration already provides an amplified signal at the bridge's output, which benefits from amplification by an op-amp for easier processing and interfacing with digital systems. Options A, C, and D do not apply to strain measurement systems using Wheatstone bridges as described in the text excerpts.

The student was incorrect because they chose A, suggesting a thermocouple application which does not fit well with strain measurements via Wheatstone bridges. Thermocouples are more commonly used for temperature measurements, where their small signals need amplification before digitization."
17,Sensor errors and calibration,T13Q4,bank,8.75,6.7,False,False,False,28.4,0.666,47.0437,44.280703018834735,0.7222,"The correct answer is B (Independent (best-fit) linearity error). The excerpt states that methods for expressing non-linearity error include using a straight line joining end points of the range, finding one by least squares considering all data equally likely to be in error, or finding another through zero point. These methods yield different errors but are collectively referred to as independent (best-fit) linearity error. A student who chose A (Resolution) might have confused it with the smallest change in input producing an output change for a sensor like a potentiometer, which is about step size and not related to non-linearity assessment."
18,Operational amplifier signal conditioning,T15Q5,bank,7.85,7.3,True,False,False,151.53,3.309,44.2807,42.25973334162853,0.6842,"The correct answer is A (""To amplify, filter and condition analog sensor signals for processing""). 

Op-amps are used to amplify, filter, and condition signals from sensors like thermocouples or strain gauges. They can make the signal suitable for microprocessors by amplifying it, filtering out noise, and converting different types of signals. This excerpt emphasizes op-amps as fundamental in conditioning signals before further processing.

B is incorrect because replacing a sensor with an op-amp doesn't make sense; sensors produce signals that need to be conditioned rather than replaced. C about generating power isn't relevant here since op-amps don't generate power but manipulate existing signals. D for displaying measurements is not correct as signal conditioning precedes display, not follows it."
19,Operational amplifier signal conditioning,T15Q3,bank,6.05,6.0,True,False,True,66.72,1.683,42.2597,42.80882303217503,0.7,"To find the common-mode error with CMRR of 80 dB:

Given: 
- CMRR = 80 dB (80/10 = 8)
- Differential gain, G_diff = 10
- Common mode input voltage, V_cm = 1V

Using the formula for output due to common mode: V_out = G_CM * V_cm 

Where G_CM = G_differential / CMRR

G_CM = 10 / 8 ≈ 1.25

Then V_out = 1.25 * 1V = 1.25mV

However, a 10 dB reduction in output voltage due to common mode is more accurate for this level of CMRR.

The student’s answer of B (1 mV) is correct because it reflects the expected error under these conditions closely matching typical amplifiers' specifications. A 1 mV error would be consistent with an 80 dB CM"
